Memory Length;500;;;;;Memory Length;500;;;
Trigger Level;600mV  ;;;;;Trigger Level;600mV  ;;;
Source;CH2;;;;;Source;CH2;;;
Vertical Position;-38;;;;;Vertical Position;-38;;;
Vertical Offset;0;;;;;Vertical Offset;0;;;
Time Base;2.5ms;;;;;Time Base;2.5ms;;;
Volts;2V;;;;;Volts;2V;;;
Probe;X 1;;;;;Probe;X 1;;;
Coupling;DC;;;;;Coupling;DC;;;
Horizontal View;Main;;;;;Horizontal View;Main;;;
Waveform Last Dot Address;500;;;;;Waveform Last Dot Address;500;;;
Horizontal;15.80ms ;;;;;Horizontal;15.80ms ;;;
Time;17-Apr-26 10:37;;;;;Time;17-Apr-26 10:37;;;
Sampling Period;100.000us;;;;;Sampling Period;100.000us;;;
Sampling Mode;Equivalent Time;;;;;Sampling Mode;Equivalent Time;;;
Waveform Data;;;;;;Waveform Data;;;;
-48;;;;;;-48;;0;-76,8;0,0001
2;;;;;;2;;;3,2;0,0002
-51;;;;;;-51;;;-81,6;0,0003
2;;;;;;2;;;3,2;0,0004
-50;;;;;;-50;;;-80;0,0005
-50;;;;;;-50;;;-80;0,0006
2;;;;;;2;;;3,2;0,0007
-50;;;;;;-50;;;-80;0,0008
-50;;;;;;-50;;;-80;0,0009
-50;;;;;;-50;;;-80;0,001
-50;;;;;;-50;;;-80;0,0011
-49;;;;;;-49;;;-78,4;0,0012
-50;;;;;;-50;;;-80;0,0013
-50;;;;;;-50;;;-80;0,0014
-50;;;;;;-50;;;-80;0,0015
-51;;;;;;-51;;;-81,6;0,0016
2;;;;;;2;;;3,2;0,0017
-50;;;;;;-50;;;-80;0,0018
-51;;;;;;-51;;;-81,6;0,0019
-52;;;;;;-52;;;-83,2;0,002
-50;;;;;;-50;;;-80;0,0021
-51;;;;;;-51;;;-81,6;0,0022
-51;;;;;;-51;;;-81,6;0,0023
-51;;;;;;-51;;;-81,6;0,0024
-52;;;;;;-52;;;-83,2;0,0025
-51;;;;;;-51;;;-81,6;0,0026
-51;;;;;;-51;;;-81,6;0,0027
-51;;;;;;-51;;;-81,6;0,0028
-51;;;;;;-51;;;-81,6;0,0029
-51;;;;;;-51;;;-81,6;0,003
-51;;;;;;-51;;;-81,6;0,0031
-51;;;;;;-51;;;-81,6;0,0032
-51;;;;;;-51;;;-81,6;0,0033
-51;;;;;;-51;;;-81,6;0,0034
-50;;;;;;-50;;;-80;0,0035
-51;;;;;;-51;;;-81,6;0,0036
-51;;;;;;-51;;;-81,6;0,0037
-50;;;;;;-50;;;-80;0,0038
-51;;;;;;-51;;;-81,6;0,0039
-51;;;;;;-51;;;-81,6;0,004
-51;;;;;;-51;;;-81,6;0,0041
2;;;;;;2;;;3,2;0,0042
-51;;;;;;-51;;;-81,6;0,0043
-50;;;;;;-50;;;-80;0,0044
-51;;;;;;-51;;;-81,6;0,0045
-51;;;;;;-51;;;-81,6;0,0046
-51;;;;;;-51;;;-81,6;0,0047
2;;;;;;2;;;3,2;0,0048
-51;;;;;;-51;;;-81,6;0,0049
-51;;;;;;-51;;;-81,6;0,005
-51;;;;;;-51;;;-81,6;0,0051
-51;;;;;;-51;;;-81,6;0,0052
2;;;;;;2;;;3,2;0,0053
-51;;;;;;-51;;;-81,6;0,0054
-50;;;;;;-50;;;-80;0,0055
3;;;;;;3;;;4,8;0,0056
-50;;;;;;-50;;;-80;0,0057
3;;;;;;3;;;4,8;0,0058
-52;;;;;;-52;;;-83,2;0,0059
-51;;;;;;-51;;;-81,6;0,006
3;;;;;;3;;;4,8;0,0061
3;;;;;;3;;;4,8;0,0062
3;;;;;;3;;;4,8;0,0063
-51;;;;;;-51;;;-81,6;0,0064
6;;;;;;6;;;9,6;0,0065
2;;;;;;2;;;3,2;0,0066
-50;;;;;;-50;;;-80;0,0067
2;;;;;;2;;;3,2;0,0068
-50;;;;;;-50;;;-80;0,0069
3;;;;;;3;;;4,8;0,007
2;;;;;;2;;;3,2;0,0071
-51;;;;;;-51;;;-81,6;0,0072
4;;;;;;4;;;6,4;0,0073
2;;;;;;2;;;3,2;0,0074
3;;;;;;3;;;4,8;0,0075
2;;;;;;2;;;3,2;0,0076
2;;;;;;2;;;3,2;0,0077
2;;;;;;2;;;3,2;0,0078
3;;;;;;3;;;4,8;0,0079
2;;;;;;2;;;3,2;0,008
2;;;;;;2;;;3,2;0,0081
3;;;;;;3;;;4,8;0,0082
4;;;;;;4;;;6,4;0,0083
3;;;;;;3;;;4,8;0,0084
2;;;;;;2;;;3,2;0,0085
4;;;;;;4;;;6,4;0,0086
56;;;;;;56;;;89,6;0,0087
2;;;;;;2;;;3,2;0,0088
2;;;;;;2;;;3,2;0,0089
3;;;;;;3;;;4,8;0,009
3;;;;;;3;;;4,8;0,0091
55;;;;;;55;;;88;0,0092
4;;;;;;4;;;6,4;0,0093
54;;;;;;54;;;86,4;0,0094
-1;;;;;;-1;;;-1,6;0,0095
2;;;;;;2;;;3,2;0,0096
55;;;;;;55;;;88;0,0097
4;;;;;;4;;;6,4;0,0098
55;;;;;;55;;;88;0,0099
55;;;;;;55;;;88;0,01
2;;;;;;2;;;3,2;0,0101
55;;;;;;55;;;88;0,0102
4;;;;;;4;;;6,4;0,0103
55;;;;;;55;;;88;0,0104
54;;;;;;54;;;86,4;0,0105
55;;;;;;55;;;88;0,0106
55;;;;;;55;;;88;0,0107
2;;;;;;2;;;3,2;0,0108
56;;;;;;56;;;89,6;0,0109
56;;;;;;56;;;89,6;0,011
55;;;;;;55;;;88;0,0111
55;;;;;;55;;;88;0,0112
0;;;;;;0;;;0;0,0113
56;;;;;;56;;;89,6;0,0114
56;;;;;;56;;;89,6;0,0115
55;;;;;;55;;;88;0,0116
2;;;;;;2;;;3,2;0,0117
56;;;;;;56;;;89,6;0,0118
55;;;;;;55;;;88;0,0119
55;;;;;;55;;;88;0,012
55;;;;;;55;;;88;0,0121
56;;;;;;56;;;89,6;0,0122
55;;;;;;55;;;88;0,0123
55;;;;;;55;;;88;0,0124
56;;;;;;56;;;89,6;0,0125
54;;;;;;54;;;86,4;0,0126
55;;;;;;55;;;88;0,0127
54;;;;;;54;;;86,4;0,0128
54;;;;;;54;;;86,4;0,0129
55;;;;;;55;;;88;0,013
54;;;;;;54;;;86,4;0,0131
55;;;;;;55;;;88;0,0132
54;;;;;;54;;;86,4;0,0133
54;;;;;;54;;;86,4;0,0134
54;;;;;;54;;;86,4;0,0135
54;;;;;;54;;;86,4;0,0136
55;;;;;;55;;;88;0,0137
55;;;;;;55;;;88;0,0138
54;;;;;;54;;;86,4;0,0139
55;;;;;;55;;;88;0,014
55;;;;;;55;;;88;0,0141
2;;;;;;2;;;3,2;0,0142
55;;;;;;55;;;88;0,0143
54;;;;;;54;;;86,4;0,0144
54;;;;;;54;;;86,4;0,0145
55;;;;;;55;;;88;0,0146
54;;;;;;54;;;86,4;0,0147
55;;;;;;55;;;88;0,0148
55;;;;;;55;;;88;0,0149
55;;;;;;55;;;88;0,015
55;;;;;;55;;;88;0,0151
2;;;;;;2;;;3,2;0,0152
55;;;;;;55;;;88;0,0153
55;;;;;;55;;;88;0,0154
55;;;;;;55;;;88;0,0155
54;;;;;;54;;;86,4;0,0156
0;;;;;;0;;;0;0,0157
55;;;;;;55;;;88;0,0158
-4;;;;;;-4;;;-6,4;0,0159
55;;;;;;55;;;88;0,016
55;;;;;;55;;;88;0,0161
2;;;;;;2;;;3,2;0,0162
55;;;;;;55;;;88;0,0163
2;;;;;;2;;;3,2;0,0164
2;;;;;;2;;;3,2;0,0165
55;;;;;;55;;;88;0,0166
2;;;;;;2;;;3,2;0,0167
54;;;;;;54;;;86,4;0,0168
0;;;;;;0;;;0;0,0169
0;;;;;;0;;;0;0,017
56;;;;;;56;;;89,6;0,0171
0;;;;;;0;;;0;0,0172
55;;;;;;55;;;88;0,0173
0;;;;;;0;;;0;0,0174
0;;;;;;0;;;0;0,0175
-1;;;;;;-1;;;-1,6;0,0176
2;;;;;;2;;;3,2;0,0177
0;;;;;;0;;;0;0,0178
2;;;;;;2;;;3,2;0,0179
2;;;;;;2;;;3,2;0,018
2;;;;;;2;;;3,2;0,0181
2;;;;;;2;;;3,2;0,0182
1;;;;;;1;;;1,6;0,0183
1;;;;;;1;;;1,6;0,0184
0;;;;;;0;;;0;0,0185
1;;;;;;1;;;1,6;0,0186
0;;;;;;0;;;0;0,0187
-51;;;;;;-51;;;-81,6;0,0188
1;;;;;;1;;;1,6;0,0189
1;;;;;;1;;;1,6;0,019
-51;;;;;;-51;;;-81,6;0,0191
1;;;;;;1;;;1,6;0,0192
-51;;;;;;-51;;;-81,6;0,0193
1;;;;;;1;;;1,6;0,0194
1;;;;;;1;;;1,6;0,0195
-51;;;;;;-51;;;-81,6;0,0196
1;;;;;;1;;;1,6;0,0197
-51;;;;;;-51;;;-81,6;0,0198
1;;;;;;1;;;1,6;0,0199
-51;;;;;;-51;;;-81,6;0,02
-51;;;;;;-51;;;-81,6;0,0201
1;;;;;;1;;;1,6;0,0202
-50;;;;;;-50;;;-80;0,0203
2;;;;;;2;;;3,2;0,0204
-51;;;;;;-51;;;-81,6;0,0205
-51;;;;;;-51;;;-81,6;0,0206
0;;;;;;0;;;0;0,0207
-51;;;;;;-51;;;-81,6;0,0208
-50;;;;;;-50;;;-80;0,0209
-50;;;;;;-50;;;-80;0,021
-51;;;;;;-51;;;-81,6;0,0211
-51;;;;;;-51;;;-81,6;0,0212
-51;;;;;;-51;;;-81,6;0,0213
-50;;;;;;-50;;;-80;0,0214
-51;;;;;;-51;;;-81,6;0,0215
-51;;;;;;-51;;;-81,6;0,0216
2;;;;;;2;;;3,2;0,0217
-50;;;;;;-50;;;-80;0,0218
-50;;;;;;-50;;;-80;0,0219
-51;;;;;;-51;;;-81,6;0,022
-50;;;;;;-50;;;-80;0,0221
-51;;;;;;-51;;;-81,6;0,0222
-50;;;;;;-50;;;-80;0,0223
-51;;;;;;-51;;;-81,6;0,0224
-51;;;;;;-51;;;-81,6;0,0225
-51;;;;;;-51;;;-81,6;0,0226
-50;;;;;;-50;;;-80;0,0227
-51;;;;;;-51;;;-81,6;0,0228
-52;;;;;;-52;;;-83,2;0,0229
-50;;;;;;-50;;;-80;0,023
-50;;;;;;-50;;;-80;0,0231
-51;;;;;;-51;;;-81,6;0,0232
-51;;;;;;-51;;;-81,6;0,0233
-50;;;;;;-50;;;-80;0,0234
-51;;;;;;-51;;;-81,6;0,0235
-50;;;;;;-50;;;-80;0,0236
-51;;;;;;-51;;;-81,6;0,0237
-51;;;;;;-51;;;-81,6;0,0238
-51;;;;;;-51;;;-81,6;0,0239
-51;;;;;;-51;;;-81,6;0,024
-50;;;;;;-50;;;-80;0,0241
2;;;;;;2;;;3,2;0,0242
-50;;;;;;-50;;;-80;0,0243
-51;;;;;;-51;;;-81,6;0,0244
-50;;;;;;-50;;;-80;0,0245
-51;;;;;;-51;;;-81,6;0,0246
-51;;;;;;-51;;;-81,6;0,0247
4;;;;;;4;;;6,4;0,0248
-50;;;;;;-50;;;-80;0,0249
-52;;;;;;-52;;;-83,2;0,025
-51;;;;;;-51;;;-81,6;0,0251
-51;;;;;;-51;;;-81,6;0,0252
3;;;;;;3;;;4,8;0,0253
-52;;;;;;-52;;;-83,2;0,0254
-51;;;;;;-51;;;-81,6;0,0255
2;;;;;;2;;;3,2;0,0256
-51;;;;;;-51;;;-81,6;0,0257
3;;;;;;3;;;4,8;0,0258
-51;;;;;;-51;;;-81,6;0,0259
-50;;;;;;-50;;;-80;0,026
3;;;;;;3;;;4,8;0,0261
5;;;;;;5;;;8;0,0262
2;;;;;;2;;;3,2;0,0263
-50;;;;;;-50;;;-80;0,0264
-50;;;;;;-50;;;-80;0,0265
4;;;;;;4;;;6,4;0,0266
-51;;;;;;-51;;;-81,6;0,0267
3;;;;;;3;;;4,8;0,0268
-50;;;;;;-50;;;-80;0,0269
3;;;;;;3;;;4,8;0,027
4;;;;;;4;;;6,4;0,0271
-50;;;;;;-50;;;-80;0,0272
3;;;;;;3;;;4,8;0,0273
2;;;;;;2;;;3,2;0,0274
4;;;;;;4;;;6,4;0,0275
2;;;;;;2;;;3,2;0,0276
4;;;;;;4;;;6,4;0,0277
2;;;;;;2;;;3,2;0,0278
4;;;;;;4;;;6,4;0,0279
3;;;;;;3;;;4,8;0,028
3;;;;;;3;;;4,8;0,0281
3;;;;;;3;;;4,8;0,0282
2;;;;;;2;;;3,2;0,0283
3;;;;;;3;;;4,8;0,0284
4;;;;;;4;;;6,4;0,0285
3;;;;;;3;;;4,8;0,0286
55;;;;;;55;;;88;0,0287
2;;;;;;2;;;3,2;0,0288
2;;;;;;2;;;3,2;0,0289
3;;;;;;3;;;4,8;0,029
4;;;;;;4;;;6,4;0,0291
55;;;;;;55;;;88;0,0292
2;;;;;;2;;;3,2;0,0293
55;;;;;;55;;;88;0,0294
-1;;;;;;-1;;;-1,6;0,0295
3;;;;;;3;;;4,8;0,0296
55;;;;;;55;;;88;0,0297
3;;;;;;3;;;4,8;0,0298
55;;;;;;55;;;88;0,0299
55;;;;;;55;;;88;0,03
4;;;;;;4;;;6,4;0,0301
56;;;;;;56;;;89,6;0,0302
3;;;;;;3;;;4,8;0,0303
55;;;;;;55;;;88;0,0304
56;;;;;;56;;;89,6;0,0305
55;;;;;;55;;;88;0,0306
56;;;;;;56;;;89,6;0,0307
2;;;;;;2;;;3,2;0,0308
56;;;;;;56;;;89,6;0,0309
56;;;;;;56;;;89,6;0,031
56;;;;;;56;;;89,6;0,0311
54;;;;;;54;;;86,4;0,0312
0;;;;;;0;;;0;0,0313
55;;;;;;55;;;88;0,0314
55;;;;;;55;;;88;0,0315
55;;;;;;55;;;88;0,0316
0;;;;;;0;;;0;0,0317
55;;;;;;55;;;88;0,0318
54;;;;;;54;;;86,4;0,0319
55;;;;;;55;;;88;0,032
54;;;;;;54;;;86,4;0,0321
54;;;;;;54;;;86,4;0,0322
56;;;;;;56;;;89,6;0,0323
54;;;;;;54;;;86,4;0,0324
55;;;;;;55;;;88;0,0325
55;;;;;;55;;;88;0,0326
54;;;;;;54;;;86,4;0,0327
55;;;;;;55;;;88;0,0328
54;;;;;;54;;;86,4;0,0329
54;;;;;;54;;;86,4;0,033
54;;;;;;54;;;86,4;0,0331
54;;;;;;54;;;86,4;0,0332
55;;;;;;55;;;88;0,0333
55;;;;;;55;;;88;0,0334
55;;;;;;55;;;88;0,0335
54;;;;;;54;;;86,4;0,0336
55;;;;;;55;;;88;0,0337
55;;;;;;55;;;88;0,0338
55;;;;;;55;;;88;0,0339
54;;;;;;54;;;86,4;0,034
55;;;;;;55;;;88;0,0341
1;;;;;;1;;;1,6;0,0342
55;;;;;;55;;;88;0,0343
55;;;;;;55;;;88;0,0344
55;;;;;;55;;;88;0,0345
55;;;;;;55;;;88;0,0346
55;;;;;;55;;;88;0,0347
55;;;;;;55;;;88;0,0348
55;;;;;;55;;;88;0,0349
54;;;;;;54;;;86,4;0,035
55;;;;;;55;;;88;0,0351
0;;;;;;0;;;0;0,0352
55;;;;;;55;;;88;0,0353
54;;;;;;54;;;86,4;0,0354
55;;;;;;55;;;88;0,0355
56;;;;;;56;;;89,6;0,0356
2;;;;;;2;;;3,2;0,0357
56;;;;;;56;;;89,6;0,0358
56;;;;;;56;;;89,6;0,0359
56;;;;;;56;;;89,6;0,036
56;;;;;;56;;;89,6;0,0361
1;;;;;;1;;;1,6;0,0362
54;;;;;;54;;;86,4;0,0363
2;;;;;;2;;;3,2;0,0364
1;;;;;;1;;;1,6;0,0365
55;;;;;;55;;;88;0,0366
0;;;;;;0;;;0;0,0367
55;;;;;;55;;;88;0,0368
0;;;;;;0;;;0;0,0369
1;;;;;;1;;;1,6;0,037
55;;;;;;55;;;88;0,0371
2;;;;;;2;;;3,2;0,0372
55;;;;;;55;;;88;0,0373
0;;;;;;0;;;0;0,0374
1;;;;;;1;;;1,6;0,0375
-2;;;;;;-2;;;-3,2;0,0376
0;;;;;;0;;;0;0,0377
0;;;;;;0;;;0;0,0378
0;;;;;;0;;;0;0,0379
0;;;;;;0;;;0;0,038
2;;;;;;2;;;3,2;0,0381
0;;;;;;0;;;0;0,0382
1;;;;;;1;;;1,6;0,0383
1;;;;;;1;;;1,6;0,0384
0;;;;;;0;;;0;0,0385
1;;;;;;1;;;1,6;0,0386
0;;;;;;0;;;0;0,0387
-50;;;;;;-50;;;-80;0,0388
2;;;;;;2;;;3,2;0,0389
0;;;;;;0;;;0;0,039
-50;;;;;;-50;;;-80;0,0391
0;;;;;;0;;;0;0,0392
-51;;;;;;-51;;;-81,6;0,0393
1;;;;;;1;;;1,6;0,0394
1;;;;;;1;;;1,6;0,0395
-51;;;;;;-51;;;-81,6;0,0396
0;;;;;;0;;;0;0,0397
-51;;;;;;-51;;;-81,6;0,0398
1;;;;;;1;;;1,6;0,0399
-51;;;;;;-51;;;-81,6;0,04
-51;;;;;;-51;;;-81,6;0,0401
0;;;;;;0;;;0;0,0402
-50;;;;;;-50;;;-80;0,0403
2;;;;;;2;;;3,2;0,0404
-50;;;;;;-50;;;-80;0,0405
-50;;;;;;-50;;;-80;0,0406
1;;;;;;1;;;1,6;0,0407
-51;;;;;;-51;;;-81,6;0,0408
-51;;;;;;-51;;;-81,6;0,0409
-51;;;;;;-51;;;-81,6;0,041
-50;;;;;;-50;;;-80;0,0411
-50;;;;;;-50;;;-80;0,0412
-51;;;;;;-51;;;-81,6;0,0413
-51;;;;;;-51;;;-81,6;0,0414
-51;;;;;;-51;;;-81,6;0,0415
-51;;;;;;-51;;;-81,6;0,0416
2;;;;;;2;;;3,2;0,0417
-51;;;;;;-51;;;-81,6;0,0418
-50;;;;;;-50;;;-80;0,0419
-51;;;;;;-51;;;-81,6;0,042
-50;;;;;;-50;;;-80;0,0421
-51;;;;;;-51;;;-81,6;0,0422
-50;;;;;;-50;;;-80;0,0423
-51;;;;;;-51;;;-81,6;0,0424
-51;;;;;;-51;;;-81,6;0,0425
-51;;;;;;-51;;;-81,6;0,0426
-50;;;;;;-50;;;-80;0,0427
-51;;;;;;-51;;;-81,6;0,0428
-50;;;;;;-50;;;-80;0,0429
-50;;;;;;-50;;;-80;0,043
-51;;;;;;-51;;;-81,6;0,0431
-50;;;;;;-50;;;-80;0,0432
-51;;;;;;-51;;;-81,6;0,0433
-50;;;;;;-50;;;-80;0,0434
-51;;;;;;-51;;;-81,6;0,0435
-51;;;;;;-51;;;-81,6;0,0436
-51;;;;;;-51;;;-81,6;0,0437
-51;;;;;;-51;;;-81,6;0,0438
-51;;;;;;-51;;;-81,6;0,0439
-51;;;;;;-51;;;-81,6;0,044
-51;;;;;;-51;;;-81,6;0,0441
2;;;;;;2;;;3,2;0,0442
-51;;;;;;-51;;;-81,6;0,0443
-51;;;;;;-51;;;-81,6;0,0444
-51;;;;;;-51;;;-81,6;0,0445
-51;;;;;;-51;;;-81,6;0,0446
-51;;;;;;-51;;;-81,6;0,0447
-51;;;;;;-51;;;-81,6;0,0448
-50;;;;;;-50;;;-80;0,0449
-50;;;;;;-50;;;-80;0,045
-51;;;;;;-51;;;-81,6;0,0451
-50;;;;;;-50;;;-80;0,0452
3;;;;;;3;;;4,8;0,0453
-51;;;;;;-51;;;-81,6;0,0454
-51;;;;;;-51;;;-81,6;0,0455
3;;;;;;3;;;4,8;0,0456
-51;;;;;;-51;;;-81,6;0,0457
3;;;;;;3;;;4,8;0,0458
-51;;;;;;-51;;;-81,6;0,0459
-51;;;;;;-51;;;-81,6;0,046
3;;;;;;3;;;4,8;0,0461
-52;;;;;;-52;;;-83,2;0,0462
3;;;;;;3;;;4,8;0,0463
-51;;;;;;-51;;;-81,6;0,0464
7;;;;;;7;;;11,2;0,0465
2;;;;;;2;;;3,2;0,0466
-51;;;;;;-51;;;-81,6;0,0467
2;;;;;;2;;;3,2;0,0468
-52;;;;;;-52;;;-83,2;0,0469
3;;;;;;3;;;4,8;0,047
3;;;;;;3;;;4,8;0,0471
-51;;;;;;-51;;;-81,6;0,0472
3;;;;;;3;;;4,8;0,0473
3;;;;;;3;;;4,8;0,0474
2;;;;;;2;;;3,2;0,0475
3;;;;;;3;;;4,8;0,0476
3;;;;;;3;;;4,8;0,0477
3;;;;;;3;;;4,8;0,0478
2;;;;;;2;;;3,2;0,0479
2;;;;;;2;;;3,2;0,048
3;;;;;;3;;;4,8;0,0481
2;;;;;;2;;;3,2;0,0482
4;;;;;;4;;;6,4;0,0483
2;;;;;;2;;;3,2;0,0484
3;;;;;;3;;;4,8;0,0485
3;;;;;;3;;;4,8;0,0486
54;;;;;;54;;;86,4;0,0487
2;;;;;;2;;;3,2;0,0488
3;;;;;;3;;;4,8;0,0489
3;;;;;;3;;;4,8;0,049
3;;;;;;3;;;4,8;0,0491
54;;;;;;54;;;86,4;0,0492
3;;;;;;3;;;4,8;0,0493
54;;;;;;54;;;86,4;0,0494
-3;;;;;;-3;;;-4,8;0,0495
3;;;;;;3;;;4,8;0,0496
54;;;;;;54;;;86,4;0,0497
2;;;;;;2;;;3,2;0,0498
54;;;;;;54;;;86,4;0,0499
55;;;;;;55;;;88;0,05
